"last_name, first_name",player_id,year,pa,bip,ba,est_ba,est_ba_minus_ba_diff,slg,est_slg,est_slg_minus_slg_diff,woba,est_woba,est_woba_minus_woba_diff,era,xera,era_minus_xera_diff
"Webb, Logan",657277,2026,51,33,0.267,0.303,-0.0359999999999999,0.333,0.405,-0.072,0.32,0.354,-0.0339999999999999,7.36,5.34,2.024
"Fried, Max",608331,2026,48,34,0.114,0.234,-0.12,0.114,0.287,-0.173,0.155,0.268,-0.113,0.0,2.92,-2.92
"Soriano, José",667755,2026,45,28,0.105,0.205,-0.0999999999999999,0.132,0.273,-0.141,0.176,0.267,-0.091,0.0,2.9,-2.9
"Gilbert, Logan",669302,2026,44,28,0.293,0.187,0.1059999999999999,0.512,0.291,0.221,0.376,0.239,0.137,6.75,2.32,4.43
"Brown, Hunter",686613,2026,43,20,0.135,0.132,0.003,0.162,0.183,-0.0209999999999999,0.214,0.216,-0.002,0.84,1.9,-1.056
"Bibee, Tanner",676440,2026,38,23,0.235,0.288,-0.0529999999999999,0.529,0.54,-0.011,0.371,0.389,-0.018,4.0,6.69,-2.69
"Walker, Taijuan",592836,2026,29,24,0.4,0.372,0.028,0.48,0.419,0.061,0.413,0.374,0.0389999999999999,11.57,6.08,5.491
"Rogers, Trevor",669432,2026,27,17,0.136,0.204,-0.0679999999999999,0.136,0.268,-0.132,0.234,0.298,-0.0639999999999999,0.0,3.64,-3.64
"Pérez, Eury",691587,2026,27,18,0.192,0.244,-0.0519999999999999,0.462,0.565,-0.1029999999999999,0.298,0.354,-0.0559999999999999,3.86,5.34,-1.483
"Burrows, Mike",681347,2026,26,18,0.375,0.231,0.144,0.708,0.441,0.2669999999999999,0.491,0.317,0.174,7.94,4.16,3.781
"Brown, Ben",676962,2026,25,15,0.174,0.164,0.0099999999999999,0.304,0.262,0.0419999999999999,0.25,0.226,0.0239999999999999,2.7,2.08,0.62
"Ashcraft, Braxton",677952,2026,25,18,0.2,0.23,-0.03,0.3,0.332,-0.032,0.288,0.325,-0.037,3.0,4.4,-1.4
"Senga, Kodai",673540,2026,25,13,0.182,0.211,-0.0289999999999999,0.273,0.313,-0.0399999999999999,0.261,0.285,-0.0239999999999999,3.0,3.31,-0.31
"Bello, Brayan",678394,2026,25,20,0.364,0.357,0.007,0.636,0.714,-0.0779999999999999,0.47,0.482,-0.012,9.64,11.82,-2.177
"Luzardo, Jesús",666200,2026,25,17,0.25,0.196,0.0539999999999999,0.542,0.393,0.149,0.358,0.266,0.0919999999999999,9.0,2.87,6.13
"Mikolas, Miles",571945,2026,25,18,0.286,0.167,0.1189999999999999,0.476,0.315,0.1609999999999999,0.367,0.263,0.1039999999999999,7.2,2.81,4.39
"Valdez, Framber",664285,2026,25,19,0.292,0.243,0.0489999999999999,0.417,0.365,0.0519999999999999,0.329,0.279,0.0499999999999999,1.5,3.17,-1.67
"Peterson, David",656849,2026,25,20,0.261,0.25,0.011,0.261,0.303,-0.0419999999999999,0.275,0.279,-0.004,0.0,3.17,-3.17
"Alcantara, Sandy",645261,2026,25,18,0.174,0.17,0.0039999999999999,0.174,0.209,-0.035,0.202,0.209,-0.0069999999999999,0.0,1.79,-1.79
"Bassitt, Chris",605135,2026,25,17,0.316,0.283,0.033,0.368,0.344,0.024,0.377,0.365,0.012,8.31,5.74,2.568
"Abbott, Andrew",671096,2026,24,19,0.304,0.238,0.066,0.304,0.309,-0.005,0.295,0.263,0.0319999999999999,0.0,2.81,-2.81
"Leahy, Kyle",681517,2026,24,21,0.364,0.37,-0.006,0.545,0.574,-0.0289999999999999,0.425,0.431,-0.006,7.2,8.68,-1.48
"Liberatore, Matthew",669461,2026,24,20,0.318,0.232,0.086,0.455,0.343,0.1119999999999999,0.374,0.285,0.089,1.8,3.31,-1.51
"McCullers Jr., Lance",621121,2026,24,14,0.174,0.277,-0.103,0.261,0.366,-0.1049999999999999,0.213,0.297,-0.0839999999999999,1.29,3.62,-2.334
"Crochet, Garrett",676979,2026,24,14,0.136,0.237,-0.1009999999999999,0.182,0.288,-0.1059999999999999,0.189,0.27,-0.081,0.0,2.96,-2.96
"Cecconi, Slade",677944,2026,24,14,0.316,0.286,0.03,0.579,0.504,0.0749999999999999,0.46,0.417,0.043,12.46,7.97,4.492
"Lugo, Seth",607625,2026,24,21,0.208,0.34,-0.132,0.25,0.674,-0.424,0.205,0.427,-0.222,0.0,8.47,-8.47
"Pfaadt, Brandon",694297,2026,24,20,0.261,0.164,0.097,0.348,0.255,0.0929999999999999,0.289,0.201,0.0879999999999999,7.5,1.66,5.84
"Leiter, Jack",683004,2026,24,15,0.217,0.171,0.0459999999999999,0.391,0.383,0.008,0.285,0.253,0.0319999999999999,3.0,2.6,0.4
"Martinez, Nick",607259,2026,24,21,0.25,0.283,-0.0329999999999999,0.417,0.436,-0.019,0.293,0.308,-0.015,3.0,3.91,-0.91
"Meyer, Max",676974,2026,23,16,0.238,0.289,-0.0509999999999999,0.381,0.47,-0.0889999999999999,0.309,0.36,-0.0509999999999999,5.4,5.56,-0.16
"Ohtani, Shohei",660271,2026,23,13,0.053,0.171,-0.118,0.105,0.301,-0.196,0.181,0.291,-0.1099999999999999,0.0,3.46,-3.46
"Elder, Bryce",693821,2026,23,17,0.227,0.259,-0.032,0.273,0.327,-0.0539999999999999,0.245,0.275,-0.03,0.0,3.08,-3.08
"Woo, Bryan",693433,2026,23,13,0.182,0.185,-0.003,0.273,0.267,0.006,0.222,0.216,0.006,3.0,1.9,1.1
"Littell, Zack",641793,2026,23,20,0.286,0.306,-0.02,0.571,0.499,0.0719999999999999,0.403,0.375,0.028,5.4,6.12,-0.72
"Sale, Chris",519242,2026,23,13,0.158,0.271,-0.113,0.158,0.342,-0.184,0.243,0.344,-0.1009999999999999,0.0,5.0,-5.0
"Holmes, Clay",605280,2026,23,15,0.2,0.236,-0.0359999999999999,0.4,0.47,-0.0699999999999999,0.32,0.354,-0.0339999999999999,3.18,5.34,-2.164
"Vásquez, Randy",681190,2026,23,12,0.1,0.172,-0.0719999999999999,0.15,0.265,-0.115,0.188,0.254,-0.066,0.0,2.62,-2.62
"Glasnow, Tyler",607192,2026,23,16,0.19,0.222,-0.032,0.238,0.308,-0.07,0.206,0.24,-0.034,3.0,2.34,0.66
"Lord, Brad",695418,2026,23,17,0.238,0.257,-0.019,0.333,0.4,-0.067,0.294,0.319,-0.025,1.69,4.22,-2.532
"Horton, Cade",690990,2026,22,17,0.19,0.278,-0.088,0.333,0.357,-0.0239999999999999,0.252,0.296,-0.0439999999999999,2.84,3.59,-0.748
"Cease, Dylan",656302,2026,22,8,0.15,0.225,-0.075,0.2,0.274,-0.074,0.206,0.261,-0.055,1.69,2.76,-1.072
"Lorenzen, Michael",547179,2026,22,16,0.368,0.356,0.012,0.579,0.521,0.0579999999999999,0.429,0.405,0.0239999999999999,6.23,7.4,-1.169
"Nola, Aaron",605400,2026,22,13,0.25,0.278,-0.028,0.55,0.592,-0.0419999999999999,0.38,0.397,-0.017,5.4,7.04,-1.64
"Williamson, Brandon",682227,2026,22,17,0.316,0.439,-0.123,0.789,0.895,-0.1059999999999999,0.476,0.56,-0.084,11.57,18.91,-7.339
"Lopez, Jacob",682052,2026,22,17,0.294,0.216,0.0779999999999999,0.353,0.254,0.0989999999999999,0.385,0.321,0.064,6.75,4.28,2.47
"Springs, Jeffrey",605488,2026,22,17,0.263,0.261,0.002,0.316,0.327,-0.011,0.321,0.316,0.005,3.38,4.14,-0.765
"Williams, Gavin",668909,2026,22,9,0.125,0.118,0.007,0.438,0.323,0.1149999999999999,0.364,0.327,0.0369999999999999,5.4,4.46,0.94
"Scherzer, Max",453286,2026,22,17,0.19,0.27,-0.08,0.333,0.53,-0.197,0.252,0.353,-0.1009999999999999,1.5,5.31,-3.81
"Kikuchi, Yusei",579328,2026,22,18,0.381,0.308,0.073,0.571,0.496,0.0749999999999999,0.435,0.361,0.074,4.15,5.59,-1.436
"May, Dustin",669160,2026,22,18,0.476,0.406,0.0699999999999999,0.714,0.555,0.1589999999999999,0.533,0.43,0.103,13.5,8.63,4.87
"Kirby, George",669923,2026,22,13,0.105,0.204,-0.0989999999999999,0.263,0.246,0.017,0.235,0.27,-0.035,1.5,2.96,-1.46
"McLean, Nolan",690997,2026,22,11,0.211,0.173,0.038,0.421,0.296,0.125,0.336,0.272,0.064,3.6,3.01,0.59
"Newcomb, Sean",656794,2026,22,14,0.316,0.244,0.072,0.421,0.303,0.118,0.345,0.264,0.0809999999999999,5.4,2.83,2.57
"Gore, MacKenzie",669022,2026,22,11,0.111,0.149,-0.0379999999999999,0.111,0.235,-0.1239999999999999,0.213,0.264,-0.051,3.38,2.83,0.545
"López, Reynaldo",625643,2026,22,17,0.15,0.244,-0.094,0.3,0.437,-0.137,0.243,0.328,-0.085,1.5,4.49,-2.99
"Eovaldi, Nathan",543135,2026,22,15,0.364,0.244,0.12,0.682,0.372,0.31,0.457,0.266,0.191,9.64,2.87,6.773
"Holmes, Grant",656550,2026,22,16,0.25,0.173,0.077,0.45,0.257,0.193,0.343,0.231,0.112,5.4,2.17,3.23
"Skubal, Tarik",669373,2026,22,16,0.136,0.214,-0.0779999999999999,0.182,0.274,-0.092,0.141,0.213,-0.072,0.0,1.85,-1.85
"Morgan, David",688158,2026,22,15,0.263,0.222,0.041,0.316,0.278,0.0379999999999999,0.302,0.264,0.0379999999999999,0.0,2.83,-2.83
"Kochanowicz, Jack",686799,2026,22,14,0.235,0.252,-0.017,0.353,0.343,0.0099999999999999,0.361,0.359,0.002,11.25,5.52,5.73
"Mize, Casey",663554,2026,22,11,0.2,0.239,-0.0389999999999999,0.4,0.49,-0.0899999999999999,0.302,0.345,-0.0429999999999999,1.5,5.03,-3.53
"Imanaga, Shota",684007,2026,22,13,0.3,0.283,0.017,0.6,0.482,0.118,0.418,0.36,0.0579999999999999,7.2,5.56,1.64
"Bubic, Kris",663460,2026,22,15,0.105,0.19,-0.085,0.263,0.467,-0.204,0.234,0.334,-0.1,1.5,4.68,-3.18
"Flaherty, Jack",656427,2026,21,15,0.235,0.401,-0.166,0.235,0.65,-0.415,0.308,0.5,-0.192,4.15,13.17,-9.016
"Sánchez, Cristopher",650911,2026,21,11,0.143,0.14,0.0029999999999999,0.19,0.22,-0.03,0.148,0.154,-0.006,0.0,1.02,-1.02
"McGreevy, Michael",700241,2026,21,14,0.0,0.214,-0.214,0.0,0.533,-0.533,0.068,0.351,-0.283,0.0,5.24,-5.24
"Johnson, Ryan",696270,2026,21,15,0.438,0.29,0.148,0.688,0.399,0.2889999999999999,0.514,0.363,0.151,16.2,5.67,10.53
"Roupp, Landen",694738,2026,21,12,0.105,0.195,-0.09,0.105,0.23,-0.125,0.154,0.235,-0.0809999999999999,0.0,2.24,-2.24
"Matz, Steven",571927,2026,21,18,0.3,0.341,-0.041,0.5,0.613,-0.1129999999999999,0.369,0.419,-0.0499999999999999,7.2,8.07,-0.87
"Painter, Andrew",691725,2026,21,12,0.2,0.086,0.114,0.25,0.103,0.147,0.225,0.111,0.114,1.69,0.58,1.108
"Ray, Robbie",592662,2026,21,17,0.238,0.221,0.0169999999999999,0.429,0.448,-0.019,0.292,0.284,0.008,3.38,3.29,0.085
"Yamamoto, Yoshinobu",808967,2026,21,15,0.238,0.241,-0.003,0.429,0.406,0.0229999999999999,0.292,0.28,0.0119999999999999,3.0,3.19,-0.19
"Fedde, Erick",607200,2026,21,16,0.3,0.252,0.0479999999999999,0.4,0.299,0.101,0.33,0.262,0.068,5.4,2.79,2.61
"Freeland, Kyle",607536,2026,21,16,0.278,0.261,0.017,0.389,0.421,-0.0319999999999999,0.356,0.351,0.005,4.15,5.24,-1.086
"Early, Connelly",813349,2026,21,13,0.263,0.258,0.005,0.263,0.45,-0.187,0.284,0.339,-0.055,1.69,4.84,-3.152
"Detmers, Reid",672282,2026,21,11,0.3,0.195,0.1049999999999999,0.45,0.237,0.213,0.35,0.213,0.1369999999999999,5.79,1.85,3.936
"Boyle, Joe",671212,2026,21,17,0.143,0.248,-0.105,0.143,0.421,-0.278,0.13,0.285,-0.1549999999999999,3.0,3.31,-0.31
"Castillo, Luis",622491,2026,21,12,0.105,0.108,-0.003,0.105,0.162,-0.057,0.154,0.172,-0.0179999999999999,0.0,1.25,-1.25
"Pallante, Andre",669467,2026,21,15,0.167,0.231,-0.064,0.222,0.39,-0.168,0.25,0.331,-0.081,0.0,4.58,-4.58
"Baz, Shane",669358,2026,21,16,0.35,0.24,0.1099999999999999,0.55,0.389,0.161,0.411,0.291,0.12,6.75,3.46,3.29
"Ragans, Cole",666142,2026,21,12,0.353,0.292,0.061,0.882,0.581,0.301,0.567,0.432,0.1349999999999999,9.0,8.74,0.26
"Javier, Cristian",664299,2026,21,14,0.267,0.224,0.043,0.667,0.403,0.264,0.493,0.395,0.0979999999999999,11.57,6.95,4.621
"Kay, Anthony",641743,2026,21,12,0.176,0.269,-0.093,0.471,0.479,-0.008,0.359,0.396,-0.037,3.86,6.99,-3.133
"Paddack, Chris",663978,2026,21,14,0.421,0.273,0.1479999999999999,0.789,0.453,0.336,0.54,0.334,0.206,18.0,4.68,13.32
"Martin, Davis",663436,2026,21,12,0.278,0.294,-0.0159999999999999,0.556,0.53,0.026,0.413,0.404,0.0089999999999999,5.4,7.35,-1.95
"Peralta, Freddy",642547,2026,21,14,0.286,0.223,0.0629999999999999,0.619,0.366,0.253,0.392,0.253,0.139,7.2,2.6,4.6
"Keller, Mitch",656605,2026,21,18,0.143,0.204,-0.061,0.143,0.295,-0.152,0.13,0.215,-0.0849999999999999,0.0,1.89,-1.89
"Griffin, Foster",656492,2026,21,15,0.25,0.339,-0.089,0.45,0.513,-0.063,0.327,0.384,-0.0569999999999999,3.6,6.48,-2.88
"Abel, Mick",690953,2026,20,12,0.5,0.439,0.061,0.688,0.556,0.1319999999999999,0.555,0.477,0.078,13.5,11.47,2.03
"Rasmussen, Drew",656876,2026,20,18,0.2,0.241,-0.0409999999999999,0.35,0.373,-0.023,0.242,0.264,-0.022,1.8,2.83,-1.03
"Messick, Parker",800048,2026,20,15,0.25,0.306,-0.0559999999999999,0.3,0.334,-0.034,0.246,0.281,-0.035,0.0,3.22,-3.22
"Harrison, Kyle",690986,2026,20,11,0.211,0.205,0.006,0.368,0.258,0.1099999999999999,0.277,0.225,0.052,1.8,2.06,-0.26
"Lovelady, Richard",663992,2026,20,13,0.353,0.319,0.0339999999999999,0.529,0.467,0.062,0.425,0.377,0.0479999999999999,4.5,6.2,-1.7
"King, Michael",650633,2026,20,9,0.067,0.138,-0.071,0.067,0.293,-0.2259999999999999,0.224,0.313,-0.089,0.0,4.05,-4.05
"Civale, Aaron",650644,2026,20,16,0.222,0.211,0.011,0.389,0.426,-0.0369999999999999,0.277,0.302,-0.0249999999999999,3.6,3.75,-0.15
"Singer, Brady",663903,2026,20,12,0.294,0.322,-0.028,0.529,0.491,0.038,0.415,0.407,0.008,6.75,7.49,-0.74
"Lauer, Eric",641778,2026,20,10,0.158,0.134,0.0239999999999999,0.368,0.271,0.0969999999999999,0.251,0.197,0.0539999999999999,3.38,1.6,1.775
"Rodriguez, Eduardo",593958,2026,20,13,0.222,0.236,-0.0139999999999999,0.222,0.278,-0.056,0.253,0.273,-0.02,0.0,3.03,-3.03
"Irvin, Jake",663623,2026,20,12,0.158,0.218,-0.06,0.474,0.43,0.0439999999999999,0.292,0.295,-0.003,3.6,3.56,0.04
"Taillon, Jameson",592791,2026,20,13,0.125,0.234,-0.109,0.188,0.442,-0.254,0.228,0.354,-0.1259999999999999,0.0,5.34,-5.34
"Misiorowski, Jacob",694819,2026,20,6,0.118,0.14,-0.022,0.294,0.317,-0.023,0.257,0.27,-0.013,1.8,2.96,-1.16
"Soroka, Michael",647336,2026,20,9,0.211,0.258,-0.047,0.316,0.534,-0.218,0.256,0.354,-0.0979999999999999,0.0,5.34,-5.34
"Gray, Sonny",543243,2026,20,14,0.316,0.316,0.0,0.526,0.696,-0.1699999999999999,0.387,0.443,-0.0559999999999999,6.75,9.34,-2.59
"Mlodzinski, Carmen",669387,2026,20,12,0.316,0.216,0.1,0.421,0.284,0.137,0.309,0.225,0.0839999999999999,4.15,2.06,2.094
"Lowder, Rhett",695076,2026,20,13,0.167,0.191,-0.0239999999999999,0.333,0.262,0.071,0.267,0.249,0.018,3.6,2.51,1.09
"Severino, Luis",622663,2026,20,14,0.176,0.194,-0.018,0.353,0.353,0.0,0.299,0.304,-0.005,3.6,3.8,-0.2
"Wacha, Michael",608379,2026,20,12,0.158,0.157,0.001,0.158,0.196,-0.038,0.172,0.181,-0.009,0.0,1.37,-1.37
"Suarez, Ranger",624133,2026,20,16,0.368,0.346,0.022,0.684,0.675,0.009,0.474,0.447,0.0269999999999999,8.31,9.57,-1.262
"Woods Richardson, Simeon",680573,2026,20,17,0.263,0.216,0.047,0.474,0.321,0.1529999999999999,0.342,0.256,0.086,3.6,2.66,0.94
"Burke, Sean",680732,2026,20,14,0.368,0.214,0.154,0.474,0.415,0.059,0.392,0.29,0.102,6.75,3.44,3.31
"Morales, Luis",806960,2026,20,13,0.278,0.328,-0.0499999999999999,0.778,0.813,-0.0349999999999999,0.478,0.5,-0.022,10.38,13.17,-2.785
"deGrom, Jacob",594798,2026,20,13,0.3,0.235,0.065,0.5,0.4,0.0999999999999999,0.352,0.27,0.0819999999999999,5.79,2.96,2.826
"Verlander, Justin",434378,2026,19,16,0.353,0.365,-0.012,0.706,0.69,0.016,0.484,0.475,0.009,12.27,11.33,0.943
"Quintana, Jose",500779,2026,19,13,0.308,0.256,0.0519999999999999,0.462,0.454,0.008,0.402,0.376,0.026,4.15,6.16,-2.006
"Gausman, Kevin",592332,2026,19,8,0.053,0.187,-0.134,0.211,0.304,-0.093,0.111,0.211,-0.0999999999999999,1.5,1.82,-0.32
"Pivetta, Nick",601713,2026,19,12,0.438,0.346,0.092,0.563,0.54,0.0229999999999999,0.487,0.432,0.0549999999999999,18.0,8.74,9.26
"Woodruff, Brandon",605540,2026,19,13,0.211,0.227,-0.016,0.526,0.467,0.059,0.318,0.292,0.026,3.6,3.49,0.11
"Buehler, Walker",621111,2026,19,13,0.313,0.276,0.0369999999999999,0.5,0.468,0.0319999999999999,0.416,0.384,0.0319999999999999,6.75,6.48,0.27
"Ryan, Joe",657746,2026,19,10,0.059,0.123,-0.064,0.059,0.214,-0.155,0.123,0.203,-0.08,0.0,1.69,-1.69
"McClanahan, Shane",663556,2026,19,12,0.125,0.217,-0.092,0.125,0.265,-0.14,0.208,0.289,-0.0809999999999999,3.86,3.41,0.447
"Cabrera, Edward",665795,2026,19,13,0.056,0.127,-0.071,0.056,0.169,-0.113,0.085,0.158,-0.073,0.0,1.07,-1.07
"Gallen, Zac",668678,2026,19,15,0.294,0.429,-0.135,0.471,0.655,-0.184,0.377,0.488,-0.1109999999999999,9.0,12.25,-3.25
"Nelson, Ryne",669194,2026,19,12,0.125,0.271,-0.146,0.5,0.682,-0.182,0.334,0.448,-0.1139999999999999,7.71,9.63,-1.916
"Bradley, Taj",671737,2026,19,7,0.188,0.201,-0.013,0.25,0.267,-0.017,0.276,0.282,-0.0059999999999999,2.08,3.24,-1.163
"Junk, Janson",676083,2026,19,13,0.278,0.23,0.048,0.333,0.3,0.033,0.297,0.256,0.0409999999999999,4.15,2.66,1.494
"Hancock, Emerson",676106,2026,19,8,0.0,0.065,-0.065,0.0,0.073,-0.073,0.076,0.13,-0.054,0.0,0.76,-0.76
"Weathers, Ryan",677960,2026,19,10,0.235,0.25,-0.015,0.235,0.297,-0.062,0.266,0.287,-0.0209999999999999,2.08,3.36,-1.283
"Bradish, Kyle",680694,2026,19,12,0.133,0.125,0.008,0.333,0.278,0.0549999999999999,0.271,0.247,0.024,3.86,2.47,1.387
"Barco, Hunter",682995,2026,19,13,0.438,0.373,0.065,1.0,0.704,0.296,0.638,0.499,0.139,12.0,13.09,-1.09
"Svanson, Matt",694335,2026,19,12,0.4,0.314,0.086,0.4,0.359,0.041,0.438,0.384,0.0539999999999999,18.0,6.48,11.52
"Patrick, Chad",694477,2026,19,14,0.278,0.205,0.073,0.556,0.428,0.128,0.38,0.289,0.091,2.08,3.41,-1.333
"Burns, Chase",695505,2026,19,9,0.063,0.122,-0.059,0.063,0.162,-0.099,0.16,0.221,-0.061,0.0,1.99,-1.99
"Chandler, Bubba",696149,2026,19,7,0.0,0.125,-0.125,0.0,0.283,-0.283,0.224,0.342,-0.118,0.0,4.93,-4.93
"Warren, Will",701542,2026,19,14,0.294,0.285,0.009,0.353,0.33,0.0229999999999999,0.334,0.316,0.018,2.08,4.14,-2.063
"Dollander, Chase",801403,2026,19,12,0.294,0.253,0.0409999999999999,0.824,0.622,0.2019999999999999,0.504,0.402,0.1019999999999999,9.0,7.26,1.74
"Sproat, Brandon",687075,2026,18,11,0.429,0.321,0.1079999999999999,1.071,0.724,0.347,0.661,0.502,0.159,21.0,13.33,7.67
"Sasaki, Roki",808963,2026,18,12,0.267,0.253,0.014,0.4,0.317,0.083,0.343,0.3,0.043,2.25,3.7,-1.45
"Sulser, Cole",642121,2026,18,15,0.4,0.313,0.087,0.8,0.775,0.025,0.501,0.453,0.0479999999999999,8.1,9.93,-1.83
"Agnos, Zach",688642,2026,18,11,0.438,0.288,0.15,0.5,0.354,0.146,0.439,0.305,0.134,8.1,3.83,4.27
"Oviedo, Johan",670912,2026,18,13,0.4,0.338,0.062,0.933,0.767,0.166,0.56,0.485,0.075,9.82,12.04,-2.222
"Gómez, Yoendrys",672782,2026,18,12,0.2,0.261,-0.061,0.4,0.417,-0.0169999999999999,0.29,0.315,-0.025,2.25,4.11,-1.86
"Sugano, Tomoyuki",608372,2026,18,12,0.125,0.237,-0.1119999999999999,0.313,0.427,-0.1139999999999999,0.247,0.33,-0.083,1.93,4.55,-2.621
"Watson, Ryan",670245,2026,18,10,0.154,0.254,-0.1,0.154,0.29,-0.1359999999999999,0.298,0.376,-0.078,4.91,6.16,-1.251
"Cantillo, Joey",676282,2026,18,10,0.267,0.275,-0.008,0.333,0.421,-0.0879999999999999,0.342,0.368,-0.0259999999999999,4.91,5.85,-0.941
"Suarez, José",660761,2026,18,9,0.333,0.182,0.151,0.467,0.253,0.214,0.413,0.274,0.1389999999999999,9.82,3.05,6.768
"Márquez, Germán",608566,2026,18,16,0.471,0.362,0.1089999999999999,0.882,0.46,0.422,0.598,0.376,0.2219999999999999,12.0,6.16,5.84
"Cavalli, Cade",676917,2026,17,9,0.214,0.139,0.0749999999999999,0.286,0.272,0.0139999999999999,0.308,0.268,0.0399999999999999,4.91,2.92,1.989
"Ober, Bailey",641927,2026,17,15,0.25,0.297,-0.0469999999999999,0.438,0.52,-0.082,0.326,0.37,-0.0439999999999999,6.75,5.93,0.82
"Schlittler, Cam",693645,2026,17,9,0.059,0.139,-0.08,0.118,0.179,-0.061,0.076,0.138,-0.062,0.0,0.84,-0.84
"Boyd, Matthew",571510,2026,17,9,0.375,0.334,0.0409999999999999,0.625,0.853,-0.2279999999999999,0.456,0.505,-0.0489999999999999,14.73,13.57,1.157
"Wrobleski, Justin",680736,2026,17,14,0.25,0.28,-0.03,0.313,0.345,-0.0319999999999999,0.278,0.296,-0.0179999999999999,6.75,3.59,3.16
"Hart, Kyle",606996,2026,17,11,0.25,0.224,0.0259999999999999,0.375,0.394,-0.019,0.301,0.29,0.011,8.31,3.44,4.868
"Mahle, Tyler",641816,2026,17,11,0.313,0.285,0.028,0.5,0.569,-0.0689999999999999,0.375,0.382,-0.007,4.5,6.4,-1.9
"Eflin, Zach",621107,2026,17,8,0.267,0.203,0.064,0.533,0.405,0.128,0.391,0.309,0.082,2.46,3.94,-1.485
"Ashby, Aaron",676879,2026,17,6,0.133,0.191,-0.0579999999999999,0.333,0.372,-0.0389999999999999,0.261,0.295,-0.0339999999999999,1.93,3.56,-1.631
"Stanek, Ryne",592773,2026,16,8,0.25,0.268,-0.018,0.25,0.477,-0.2269999999999999,0.348,0.414,-0.066,2.7,7.82,-5.12
"Sheehan, Emmet",686218,2026,16,8,0.357,0.27,0.0869999999999999,0.786,0.503,0.283,0.52,0.374,0.146,10.8,6.08,4.72
"Paez, Jedixson",699151,2026,16,13,0.333,0.352,-0.0189999999999999,0.833,0.786,0.0469999999999999,0.511,0.494,0.017,18.0,12.7,5.3
"Pomeranz, Drew",519141,2026,16,11,0.25,0.254,-0.004,0.417,0.333,0.0839999999999999,0.326,0.289,0.037,8.1,3.41,4.69
"Headrick, Brent",687396,2026,16,10,0.333,0.222,0.111,0.467,0.364,0.103,0.376,0.278,0.0979999999999999,0.0,3.15,-3.15
"Wells, Tyler",669330,2026,16,10,0.462,0.265,0.197,0.692,0.336,0.3559999999999999,0.499,0.31,0.189,10.13,3.97,6.155
"Ramírez, Yohan",670990,2026,16,7,0.071,0.066,0.0049999999999999,0.071,0.075,-0.004,0.146,0.143,0.003,0.0,0.9,-0.9
"Waldichuk, Ken",686610,2026,15,11,0.231,0.273,-0.042,0.462,0.536,-0.074,0.357,0.39,-0.033,5.4,6.73,-1.33
"Imai, Tatsuya",837227,2026,15,7,0.273,0.257,0.016,0.364,0.296,0.068,0.397,0.364,0.033,13.5,5.7,7.8
"Anderson, Grant",681982,2026,15,9,0.143,0.202,-0.059,0.286,0.242,0.0439999999999999,0.217,0.226,-0.009,0.0,2.08,-2.08
"Fuentes, Didier",800311,2026,15,10,0.154,0.23,-0.076,0.154,0.381,-0.227,0.168,0.291,-0.1229999999999999,2.25,3.46,-1.21
"Hoffmann, Andrew",694851,2026,15,8,0.091,0.158,-0.067,0.091,0.176,-0.0849999999999999,0.252,0.298,-0.0459999999999999,0.0,3.64,-3.64
"Varland, Louis",686973,2026,15,8,0.308,0.22,0.088,0.308,0.265,0.0429999999999999,0.337,0.281,0.0559999999999999,0.0,3.22,-3.22
"Funderburk, Kody",681892,2026,15,8,0.385,0.32,0.065,0.615,0.468,0.1469999999999999,0.478,0.388,0.0899999999999999,6.75,6.65,0.1
"Harris, Hogan",663687,2026,15,11,0.182,0.126,0.0559999999999999,0.182,0.141,0.041,0.31,0.275,0.0349999999999999,0.0,3.08,-3.08
"Brubaker, JT",664141,2026,15,11,0.214,0.251,-0.037,0.286,0.312,-0.026,0.255,0.276,-0.021,0.0,3.1,-3.1
"Pallette, Peyton",688883,2026,15,10,0.154,0.264,-0.11,0.231,0.367,-0.1359999999999999,0.244,0.332,-0.088,2.46,4.61,-2.155
"Morán, Jovani",663558,2026,15,10,0.143,0.196,-0.053,0.429,0.469,-0.0399999999999999,0.274,0.308,-0.0339999999999999,2.25,3.91,-1.66
"Mejia, Juan",675848,2026,15,13,0.357,0.325,0.0319999999999999,0.429,0.446,-0.017,0.376,0.357,0.019,5.4,5.45,-0.05
"Baumler, Carter",691945,2026,15,6,0.222,0.17,0.0519999999999999,0.333,0.204,0.129,0.433,0.384,0.0489999999999999,3.38,6.48,-3.105
"Legumina, Casey",668984,2026,15,9,0.154,0.171,-0.017,0.231,0.343,-0.112,0.244,0.283,-0.0389999999999999,0.0,3.27,-3.27
"Urena, Walbert",700712,2026,15,10,0.417,0.326,0.0909999999999999,0.5,0.476,0.024,0.453,0.397,0.0559999999999999,0.0,7.04,-7.04
"Blubaugh, AJ",805123,2026,15,10,0.133,0.091,0.042,0.333,0.282,0.051,0.201,0.155,0.046,2.08,1.03,1.047
"Phillips, Connor",683175,2026,15,7,0.167,0.209,-0.0419999999999999,0.167,0.241,-0.0739999999999999,0.263,0.299,-0.0359999999999999,4.91,3.67,1.239
"Marinaccio, Ron",676760,2026,15,11,0.2,0.173,0.027,0.4,0.365,0.035,0.262,0.228,0.034,4.5,2.11,2.39
"Muñoz, Roddery",682610,2026,15,7,0.273,0.263,0.01,0.636,0.49,0.146,0.477,0.424,0.0529999999999999,6.75,8.32,-1.57
"Hudson, Bryan",663542,2026,14,8,0.333,0.202,0.131,0.333,0.239,0.094,0.373,0.31,0.063,7.71,3.97,3.744
"Holderman, Colin",670059,2026,14,9,0.167,0.224,-0.0569999999999999,0.417,0.575,-0.1579999999999999,0.317,0.386,-0.069,6.0,6.56,-0.56
"Soto, Gregory",642397,2026,14,5,0.091,0.165,-0.074,0.091,0.179,-0.088,0.219,0.274,-0.055,0.0,3.05,-3.05
"Smith, Cade",671922,2026,14,10,0.308,0.291,0.017,0.462,0.345,0.117,0.339,0.277,0.062,9.0,3.12,5.88
"Mattson, Isaac",676755,2026,14,7,0.273,0.213,0.06,0.273,0.35,-0.0769999999999999,0.347,0.342,0.0049999999999999,6.75,4.93,1.82
"Mayza, Tim",641835,2026,14,9,0.077,0.112,-0.035,0.077,0.143,-0.0659999999999999,0.116,0.151,-0.0349999999999999,0.0,0.99,-0.99
"Criswell, Cooper",681867,2026,14,7,0.231,0.279,-0.048,0.462,0.587,-0.1249999999999999,0.331,0.389,-0.0579999999999999,2.25,6.69,-4.44
"Enns, Dietrich",608650,2026,14,7,0.083,0.187,-0.104,0.083,0.29,-0.2069999999999999,0.166,0.277,-0.111,2.7,3.12,-0.42
"Burke, Brock",656271,2026,14,10,0.167,0.287,-0.1199999999999999,0.25,0.503,-0.253,0.259,0.396,-0.137,0.0,6.99,-6.99
"Johnson, Pierce",572955,2026,14,13,0.462,0.45,0.012,0.846,0.89,-0.044,0.571,0.567,0.004,10.13,19.73,-9.605
"Pérez, Martín",527048,2026,14,11,0.143,0.235,-0.092,0.143,0.288,-0.145,0.13,0.226,-0.096,0.0,2.08,-2.08
"Falter, Bailey",663559,2026,14,10,0.357,0.197,0.1599999999999999,0.5,0.245,0.255,0.379,0.191,0.188,6.0,1.51,4.49
"Nunez, Anthony",689296,2026,14,9,0.143,0.17,-0.027,0.357,0.347,0.01,0.216,0.217,-0.001,2.25,1.92,0.33
"Barlow, Scott",605130,2026,14,12,0.167,0.238,-0.0709999999999999,0.167,0.295,-0.1279999999999999,0.14,0.267,-0.127,0.0,2.9,-2.9
"Myers, Tobias",668964,2026,14,10,0.071,0.11,-0.039,0.286,0.156,0.1299999999999999,0.151,0.113,0.0379999999999999,2.08,0.6,1.477
"Heineman, Tyler",623168,2026,14,13,0.538,0.444,0.094,1.0,0.802,0.1979999999999999,0.673,0.542,0.131,22.5,16.95,5.55
"Latz, Jacob",656641,2026,14,10,0.0,0.156,-0.156,0.0,0.345,-0.345,0.051,0.247,-0.196,0.0,2.47,-2.47
"Cleavinger, Garrett",664076,2026,14,7,0.333,0.256,0.077,0.333,0.289,0.044,0.373,0.408,-0.0349999999999999,7.71,7.54,0.174
"Weiss, Ryan",680802,2026,13,6,0.182,0.18,0.002,0.455,0.313,0.142,0.341,0.287,0.054,3.0,3.36,-0.36
"Maton, Phil",664208,2026,13,6,0.25,0.256,-0.006,0.375,0.287,0.088,0.39,0.375,0.015,7.71,6.12,1.594
"Lucchesi, Joey",664192,2026,13,8,0.4,0.226,0.174,0.5,0.354,0.146,0.473,0.356,0.1169999999999999,9.0,5.41,3.59
"Hoffman, Jeff",656546,2026,13,6,0.231,0.201,0.03,0.462,0.417,0.045,0.302,0.261,0.0409999999999999,3.0,2.76,0.24
"Rea, Colin",607067,2026,13,9,0.308,0.29,0.018,0.538,0.519,0.019,0.372,0.343,0.0289999999999999,6.0,4.97,1.03
"Bolton, Cody",675989,2026,13,7,0.25,0.196,0.0539999999999999,0.5,0.32,0.18,0.357,0.258,0.0989999999999999,3.0,2.7,0.3
"Montgomery, Mason",682254,2026,13,5,0.3,0.233,0.0669999999999999,0.3,0.37,-0.07,0.373,0.363,0.01,7.71,5.67,2.044
"King, Bryan",687911,2026,13,6,0.273,0.188,0.085,0.273,0.205,0.068,0.321,0.259,0.062,3.38,2.72,0.655
"Anderson, Drew",623454,2026,13,9,0.364,0.365,-0.001,0.727,0.684,0.0429999999999999,0.511,0.482,0.029,11.57,11.82,-0.249
"Díaz, Edwin",621242,2026,13,6,0.1,0.089,0.011,0.1,0.202,-0.102,0.236,0.26,-0.024,3.0,2.74,0.26
"Santana, Dennis",642701,2026,13,9,0.091,0.241,-0.15,0.091,0.307,-0.216,0.179,0.31,-0.131,0.0,3.97,-3.97
"Beeks, Jalen",656222,2026,13,9,0.231,0.304,-0.0729999999999999,0.231,0.345,-0.1139999999999999,0.21,0.284,-0.0739999999999999,0.0,3.29,-3.29
"Hicks, Jordan",663855,2026,13,6,0.25,0.218,0.032,0.25,0.251,-0.001,0.413,0.399,0.0139999999999999,11.57,7.12,4.451
"Junis, Jakob",596001,2026,13,10,0.077,0.278,-0.201,0.077,0.315,-0.238,0.07,0.26,-0.19,0.0,2.74,-2.74
"De Jesus, Enmanuel",646241,2026,13,8,0.364,0.176,0.188,0.455,0.298,0.157,0.418,0.281,0.1369999999999999,13.5,3.22,10.28
"Sterner, Justin",686993,2026,13,8,0.25,0.146,0.104,0.333,0.167,0.166,0.294,0.179,0.1149999999999999,3.38,1.34,2.035
"Bachman, Sam",696147,2026,13,4,0.0,0.256,-0.256,0.0,0.276,-0.276,0.218,0.381,-0.163,0.0,6.36,-6.36
"Festa, Matt",670036,2026,13,10,0.308,0.261,0.0469999999999999,0.308,0.326,-0.018,0.28,0.255,0.025,6.0,2.64,3.36
"Hurter, Brant",676428,2026,13,12,0.308,0.369,-0.061,0.538,0.603,-0.0649999999999999,0.372,0.416,-0.0439999999999999,3.0,7.92,-4.92
"Leiter Jr., Mark",643410,2026,13,11,0.417,0.342,0.0749999999999999,0.417,0.384,0.0329999999999999,0.407,0.35,0.0569999999999999,3.38,5.2,-1.825
"Ginn, J.T.",669372,2026,12,9,0.091,0.113,-0.022,0.091,0.139,-0.048,0.135,0.159,-0.0239999999999999,0.0,1.08,-1.08
"Rodriguez, Bradgley",699134,2026,12,8,0.091,0.157,-0.066,0.091,0.193,-0.102,0.076,0.143,-0.0669999999999999,0.0,0.9,-0.9
"García, Luis",472610,2026,12,9,0.455,0.329,0.126,0.636,0.488,0.148,0.502,0.379,0.123,9.0,6.28,2.72
"Little, Brendon",663893,2026,12,7,0.6,0.361,0.239,1.1,0.584,0.5160000000000001,0.737,0.456,0.2809999999999999,47.25,10.11,37.14
"Winn, Cole",668390,2026,12,7,0.111,0.097,0.0139999999999999,0.111,0.103,0.008,0.194,0.24,-0.0459999999999999,0.0,2.34,-2.34
"O'Brien, Riley",676617,2026,12,10,0.25,0.218,0.032,0.25,0.241,0.009,0.227,0.205,0.022,0.0,1.72,-1.72
"Duran, Jhoan",661395,2026,12,7,0.333,0.24,0.093,0.333,0.278,0.0549999999999999,0.303,0.227,0.0759999999999999,3.38,2.1,1.275
"Silseth, Chase",681217,2026,12,9,0.182,0.264,-0.082,0.273,0.371,-0.0979999999999999,0.243,0.309,-0.066,0.0,3.94,-3.94
"Roycroft, Chris",688297,2026,12,11,0.6,0.254,0.346,0.6,0.282,0.318,0.56,0.278,0.282,20.25,3.15,17.1
"Ashcraft, Graham",668933,2026,12,4,0.1,0.107,-0.0069999999999999,0.2,0.144,0.056,0.226,0.228,-0.002,3.0,2.11,0.89
"Lawrence, Justin",664875,2026,12,5,0.2,0.201,-0.001,0.8,0.715,0.085,0.47,0.432,0.0379999999999999,6.75,8.74,-1.99
"Miles, Spencer",693686,2026,12,7,0.3,0.305,-0.005,0.6,0.604,-0.004,0.446,0.439,0.007,10.13,9.12,1.005
"Hiraldo, Yaramil",682274,2026,12,6,0.375,0.293,0.082,1.125,0.728,0.397,0.664,0.52,0.144,21.6,14.85,6.75
"Sabrowski, Erik",681870,2026,12,5,0.0,0.008,-0.008,0.0,0.015,-0.015,0.118,0.127,-0.009,0.0,0.73,-0.73
"Milner, Hoby",571948,2026,11,10,0.3,0.284,0.016,0.6,0.499,0.1009999999999999,0.425,0.37,0.0549999999999999,7.71,5.93,1.784
"Smith, Shane",681343,2026,11,6,0.375,0.243,0.132,0.625,0.309,0.316,0.491,0.334,0.1569999999999999,16.2,4.68,11.52
"Poulin, PJ",676571,2026,11,7,0.111,0.18,-0.0689999999999999,0.111,0.289,-0.178,0.212,0.294,-0.0819999999999999,0.0,3.54,-3.54
"Anderson, Shaun",641312,2026,11,8,0.111,0.19,-0.079,0.111,0.239,-0.128,0.212,0.281,-0.069,3.0,3.22,-0.22
"Wolfram, Grant",664991,2026,11,7,0.364,0.343,0.0209999999999999,0.636,0.53,0.1059999999999999,0.432,0.374,0.0579999999999999,7.71,6.08,1.634
"Alexander, Tyler",641302,2026,11,7,0.1,0.094,0.006,0.1,0.102,-0.0019999999999999,0.15,0.147,0.003,0.0,0.94,-0.94
"Bird, Jake",656234,2026,11,8,0.091,0.108,-0.017,0.091,0.121,-0.03,0.083,0.101,-0.018,0.0,0.5,-0.5
"Soriano, George",666277,2026,11,10,0.1,0.175,-0.0749999999999999,0.2,0.201,-0.001,0.129,0.165,-0.036,0.0,1.16,-1.16
"Ross, Joe",605452,2026,11,9,0.5,0.418,0.082,0.7,0.685,0.0149999999999999,0.547,0.492,0.055,32.4,12.55,19.85
"Zerpa, Angel",672582,2026,11,8,0.2,0.271,-0.071,0.3,0.324,-0.024,0.265,0.3,-0.0349999999999999,0.0,3.7,-3.7
"Armstrong, Shawn",542888,2026,11,7,0.3,0.219,0.0809999999999999,0.6,0.566,0.034,0.422,0.361,0.061,3.38,5.59,-2.215
"Feltner, Ryan",663372,2026,11,6,0.1,0.199,-0.099,0.1,0.223,-0.123,0.147,0.233,-0.086,0.0,2.21,-2.21
"Wilcox, Cole",677961,2026,11,7,0.182,0.221,-0.039,0.182,0.269,-0.087,0.165,0.215,-0.0499999999999999,0.0,1.89,-1.89
"Bachar, Lake",669199,2026,11,7,0.111,0.074,0.037,0.111,0.093,0.018,0.147,0.126,0.0209999999999999,3.0,0.72,2.28
"Speier, Gabe",642100,2026,11,8,0.364,0.312,0.0519999999999999,0.455,0.4,0.0549999999999999,0.365,0.313,0.0519999999999999,7.71,4.05,3.664
"Bazardo, Eduard",660825,2026,11,6,0.143,0.126,0.0169999999999999,0.143,0.177,-0.034,0.276,0.288,-0.0119999999999999,3.86,3.39,0.467
"Hill, Jaden",677955,2026,11,7,0.3,0.232,0.0679999999999999,0.3,0.278,0.0219999999999999,0.312,0.268,0.0439999999999999,3.38,2.92,0.455
"Banks, Tanner",621383,2026,11,9,0.364,0.284,0.08,0.455,0.359,0.096,0.365,0.278,0.0869999999999999,3.38,3.15,0.225
"Walker, Ryan",676254,2026,11,6,0.222,0.247,-0.0249999999999999,0.556,0.489,0.067,0.404,0.385,0.019,7.71,6.52,1.194
"Bruihl, Justin",677865,2026,11,7,0.25,0.208,0.042,0.25,0.233,0.0169999999999999,0.294,0.308,-0.014,7.71,3.91,3.804
"Allard, Kolby",663465,2026,11,5,0.2,0.118,0.082,0.5,0.383,0.1169999999999999,0.339,0.252,0.087,3.38,2.58,0.795
"Taylor, Grant",691799,2026,11,5,0.333,0.153,0.18,0.333,0.173,0.16,0.377,0.243,0.134,4.5,2.4,2.1
"Fisher, Braydon",680755,2026,10,8,0.1,0.261,-0.161,0.2,0.471,-0.2709999999999999,0.129,0.31,-0.181,0.0,3.97,-3.97
"Vesia, Alex",681911,2026,10,9,0.1,0.196,-0.096,0.1,0.229,-0.129,0.091,0.187,-0.096,0.0,1.45,-1.45
"Romano, Jordan",605447,2026,10,4,0.0,0.136,-0.136,0.0,0.253,-0.253,0.142,0.274,-0.132,0.0,3.05,-3.05
"Pagán, Emilio",641941,2026,10,7,0.222,0.239,-0.0169999999999999,0.667,0.474,0.193,0.378,0.303,0.075,3.86,3.77,0.087
"Santillan, Tony",663574,2026,10,1,0.167,0.114,0.053,0.167,0.179,-0.0119999999999999,0.375,0.359,0.016,0.0,5.52,-5.52
"Woodford, Jake",663765,2026,10,6,0.2,0.273,-0.073,0.5,0.748,-0.248,0.302,0.426,-0.124,3.0,8.42,-5.42
"Ponce, Cody",664074,2026,10,6,0.111,0.177,-0.0659999999999999,0.222,0.277,-0.055,0.2,0.244,-0.0439999999999999,3.86,2.41,1.447
"Fairbanks, Pete",664126,2026,10,5,0.1,0.097,0.003,0.1,0.113,-0.0129999999999999,0.091,0.091,0.0,0.0,0.42,-0.42
"Rogers, Tyler",643511,2026,10,6,0.0,0.172,-0.172,0.0,0.192,-0.192,0.071,0.217,-0.146,0.0,1.92,-1.92
"Alvarado, Elvis",665660,2026,10,5,0.25,0.195,0.0549999999999999,0.375,0.483,-0.1079999999999999,0.362,0.368,-0.006,9.0,5.85,3.15
"Hill, Tim",657612,2026,10,7,0.1,0.14,-0.04,0.1,0.173,-0.0729999999999999,0.091,0.139,-0.048,0.0,0.85,-0.85
"Morillo, Juan",666661,2026,10,7,0.25,0.238,0.012,0.625,0.606,0.019,0.444,0.423,0.021,9.0,8.27,0.73
"Pop, Zach",647315,2026,10,6,0.167,0.166,0.001,0.333,0.205,0.128,0.345,0.317,0.0279999999999999,9.0,4.16,4.84
"Martin, Chris",455119,2026,10,7,0.444,0.445,-0.001,0.667,0.636,0.031,0.515,0.489,0.026,10.8,12.33,-1.53
"Romero, JoJo",668941,2026,10,8,0.2,0.326,-0.126,0.2,0.37,-0.1699999999999999,0.182,0.303,-0.121,0.0,3.77,-3.77
"Estrada, Jeremiah",669093,2026,10,3,0.286,0.224,0.0619999999999999,0.429,0.328,0.1009999999999999,0.433,0.377,0.0559999999999999,21.6,6.2,15.4
"Kelly, Michael",547184,2026,10,8,0.4,0.462,-0.062,0.9,0.647,0.253,0.557,0.479,0.078,7.71,11.61,-3.896
"Topa, Justin",623437,2026,10,8,0.222,0.164,0.0579999999999999,0.222,0.187,0.035,0.182,0.141,0.041,3.38,0.88,2.495
"Senzatela, Antonio",622608,2026,10,6,0.111,0.125,-0.0139999999999999,0.111,0.143,-0.0319999999999999,0.162,0.175,-0.0129999999999999,0.0,1.29,-1.29
"Weissert, Greg",669711,2026,10,5,0.375,0.418,-0.0429999999999999,1.125,1.197,-0.072,0.655,0.678,-0.023,16.2,40.24,-24.04
"Alvarado, José",621237,2026,10,5,0.5,0.306,0.194,0.5,0.363,0.137,0.505,0.375,0.13,27.0,6.12,20.88
"Peralta, Wandy",593974,2026,10,10,0.3,0.267,0.0329999999999999,0.3,0.33,-0.03,0.273,0.256,0.017,0.0,2.66,-2.66
"Moll, Sam",594580,2026,10,7,0.0,0.127,-0.127,0.0,0.142,-0.142,0.074,0.194,-0.12,0.0,1.56,-1.56
"Garcia, Robert",676395,2026,10,5,0.125,0.248,-0.123,0.125,0.322,-0.197,0.233,0.34,-0.107,0.0,4.87,-4.87
"Winn, Keaton",676775,2026,10,3,0.0,0.133,-0.133,0.0,0.226,-0.226,0.071,0.208,-0.137,0.0,1.77,-1.77
"Bowlan, Jonathan",680742,2026,10,9,0.4,0.194,0.206,0.5,0.268,0.2319999999999999,0.402,0.199,0.203,7.71,1.63,6.084
"Dreyer, Jack",676263,2026,9,6,0.125,0.184,-0.059,0.25,0.246,0.004,0.223,0.243,-0.0199999999999999,0.0,2.4,-2.4
"Suarez, Robert",663158,2026,9,8,0.333,0.431,-0.0979999999999999,0.333,0.479,-0.1459999999999999,0.303,0.397,-0.094,0.0,7.04,-7.04
"Leasure, Jordan",673929,2026,9,7,0.222,0.196,0.0259999999999999,0.333,0.274,0.059,0.245,0.202,0.0429999999999999,3.86,1.68,2.177
"Muñoz, Andrés",662253,2026,9,6,0.333,0.296,0.037,0.667,0.433,0.234,0.436,0.317,0.119,9.0,4.16,4.84
"Murphy, Chris",669684,2026,9,5,0.429,0.314,0.1149999999999999,0.429,0.366,0.063,0.461,0.389,0.072,27.0,6.69,20.31
"Thompson, Ryan",657044,2026,9,6,0.143,0.264,-0.121,0.286,0.313,-0.027,0.301,0.354,-0.0529999999999999,0.0,5.34,-5.34
"Hall, DL",669084,2026,9,2,0.167,0.159,0.008,0.167,0.169,-0.002,0.338,0.332,0.006,0.0,4.61,-4.61
"Skenes, Paul",694973,2026,9,5,0.8,0.229,0.5710000000000001,1.4,0.374,1.0259999999999998,0.768,0.382,0.386,67.5,6.4,61.1
"Abreu, Bryan",650556,2026,9,2,0.2,0.091,0.109,0.8,0.24,0.56,0.55,0.392,0.158,27.0,6.82,20.18
"Teng, Kai-Wei",678906,2026,9,6,0.125,0.174,-0.0489999999999999,0.125,0.205,-0.0799999999999999,0.18,0.225,-0.045,0.0,2.06,-2.06
"Megill, Trevor",656730,2026,9,5,0.25,0.21,0.04,0.375,0.299,0.076,0.324,0.275,0.0489999999999999,4.5,3.08,1.42
"Backhus, Kyle",679775,2026,9,7,0.5,0.409,0.091,0.875,0.661,0.2139999999999999,0.616,0.489,0.127,20.25,12.33,7.92
"Helsley, Ryan",664854,2026,9,5,0.222,0.304,-0.0819999999999999,0.222,0.397,-0.175,0.202,0.301,-0.0989999999999999,0.0,3.72,-3.72
"Gage, Matt",657424,2026,9,7,0.0,0.177,-0.177,0.0,0.196,-0.196,0.079,0.223,-0.144,0.0,2.02,-2.02
"Webb, Jacob",657097,2026,9,5,0.143,0.31,-0.167,0.571,0.852,-0.281,0.392,0.54,-0.148,0.0,16.75,-16.75
"Jax, Griffin",643377,2026,9,7,0.333,0.32,0.013,0.833,0.81,0.0229999999999999,0.466,0.463,0.003,9.0,10.54,-1.54
"Weaver, Luke",596133,2026,9,6,0.167,0.177,-0.0099999999999999,0.167,0.203,-0.036,0.291,0.3,-0.009,0.0,3.7,-3.7
"Vest, Will",676684,2026,9,6,0.143,0.23,-0.087,0.286,0.477,-0.191,0.301,0.391,-0.09,13.5,6.78,6.72
"Loáisiga, Jonathan",642528,2026,8,6,0.125,0.132,-0.007,0.25,0.148,0.102,0.162,0.122,0.04,0.0,0.68,-0.68
"Williams, Devin",642207,2026,8,4,0.143,0.081,0.0619999999999999,0.286,0.091,0.1949999999999999,0.25,0.156,0.094,0.0,1.05,-1.05
"Scott, Tanner",656945,2026,8,5,0.125,0.15,-0.0249999999999999,0.125,0.16,-0.035,0.114,0.136,-0.022,0.0,0.82,-0.82
"Bernardino, Brennan",657514,2026,8,7,0.25,0.327,-0.077,0.25,0.463,-0.213,0.227,0.339,-0.112,0.0,4.84,-4.84
"Seabold, Connor",657756,2026,8,5,0.125,0.232,-0.107,0.125,0.269,-0.144,0.114,0.217,-0.103,0.0,1.92,-1.92
"Holton, Tyler",663947,2026,8,4,0.0,0.044,-0.044,0.0,0.076,-0.076,0.266,0.297,-0.0309999999999999,0.0,3.62,-3.62
"Phillips, Tyler",663969,2026,8,5,0.143,0.167,-0.024,0.143,0.206,-0.063,0.206,0.232,-0.026,0.0,2.19,-2.19
"Brogdon, Connor",641401,2026,8,5,0.25,0.322,-0.072,0.75,0.793,-0.043,0.426,0.467,-0.041,4.5,10.8,-6.3
"Clarke, Taylor",664199,2026,8,6,0.429,0.459,-0.03,1.0,1.211,-0.211,0.632,0.699,-0.0669999999999999,27.0,46.61,-19.61
"Brash, Matt",666374,2026,8,7,0.25,0.479,-0.2289999999999999,0.375,0.595,-0.2199999999999999,0.275,0.463,-0.188,0.0,10.54,-10.54
"Doval, Camilo",666808,2026,8,5,0.0,0.115,-0.115,0.0,0.148,-0.148,0.0,0.111,-0.111,0.0,0.58,-0.58
"Cano, Yennier",666974,2026,8,6,0.375,0.334,0.0409999999999999,0.5,0.418,0.082,0.389,0.327,0.062,5.4,4.46,0.94
"Herget, Jimmy",623474,2026,8,5,0.25,0.241,0.009,0.25,0.27,-0.02,0.227,0.225,0.002,0.0,2.06,-2.06
"Henry, Cole",669371,2026,8,5,0.143,0.094,0.0489999999999999,0.143,0.11,0.0329999999999999,0.202,0.167,0.035,0.0,1.18,-1.18
"Domínguez, Seranthony",622554,2026,8,7,0.429,0.411,0.018,0.857,1.009,-0.1519999999999999,0.58,0.608,-0.028,13.5,25.44,-11.94
"Bender, Anthony",669622,2026,8,5,0.143,0.155,-0.012,0.143,0.171,-0.028,0.202,0.212,-0.0099999999999999,0.0,1.84,-1.84
"Schreiber, John",670167,2026,8,7,0.25,0.295,-0.0449999999999999,0.625,0.697,-0.0719999999999999,0.377,0.414,-0.0369999999999999,4.5,7.82,-3.32
"Bednar, David",670280,2026,8,5,0.167,0.294,-0.1269999999999999,0.167,0.328,-0.161,0.291,0.383,-0.092,0.0,6.44,-6.44
"Buttó, José",676130,2026,8,4,0.375,0.369,0.006,0.75,0.749,0.001,0.491,0.475,0.016,5.4,11.33,-5.93
"Blackburn, Paul",621112,2026,8,7,0.429,0.251,0.178,0.429,0.282,0.147,0.429,0.294,0.135,6.75,3.54,3.21
"Uribe, Abner",682842,2026,8,5,0.143,0.117,0.0259999999999999,0.143,0.148,-0.005,0.202,0.186,0.016,0.0,1.44,-1.44
"Okert, Steven",595345,2026,8,4,0.0,0.02,-0.02,0.0,0.025,-0.025,0.089,0.105,-0.016,0.0,0.53,-0.53
"Beeter, Clayton",690925,2026,8,5,0.0,0.26,-0.26,0.0,0.388,-0.388,0.177,0.387,-0.21,0.0,6.61,-6.61
"Seymour, Ian",693855,2026,8,6,0.714,0.455,0.2589999999999999,1.0,0.634,0.366,0.757,0.505,0.252,67.5,13.57,53.93
"Ginkel, Kevin",656464,2026,8,7,0.25,0.286,-0.0359999999999999,0.375,0.495,-0.12,0.275,0.334,-0.059,4.5,4.68,-0.18
"Rogers, Taylor",573124,2026,7,5,0.143,0.098,0.0449999999999999,0.286,0.292,-0.006,0.185,0.161,0.0239999999999999,0.0,1.11,-1.11
"Pérez, Cionel",672335,2026,7,4,0.143,0.291,-0.148,0.571,0.986,-0.415,0.302,0.526,-0.224,4.5,15.4,-10.9
"Borucki, Ryan",621366,2026,7,5,0.167,0.213,-0.0459999999999999,0.667,0.491,0.176,0.403,0.357,0.046,5.4,5.45,-0.05
"Keller, Brad",641745,2026,7,5,0.0,0.186,-0.186,0.0,0.212,-0.212,0.101,0.251,-0.15,0.0,2.55,-2.55
"Bummer, Aaron",607481,2026,7,5,0.143,0.239,-0.096,0.286,0.712,-0.426,0.185,0.391,-0.206,0.0,6.78,-6.78
"Garcia, Rico",670329,2026,7,3,0.0,0.168,-0.168,0.0,0.195,-0.195,0.0,0.158,-0.158,0.0,1.07,-1.07
"Franco, Jose",683742,2026,7,7,0.429,0.33,0.0989999999999999,0.429,0.36,0.069,0.389,0.304,0.085,0.0,3.8,-3.8
"Sewald, Paul",623149,2026,7,3,0.0,0.092,-0.092,0.0,0.303,-0.303,0.0,0.162,-0.162,0.0,1.12,-1.12
"Manaea, Sean",640455,2026,7,3,0.2,0.327,-0.127,0.2,0.398,-0.198,0.333,0.429,-0.0959999999999999,0.0,8.58,-8.58
"Ferrer, Jose A.",678606,2026,7,7,0.429,0.305,0.124,0.429,0.365,0.064,0.389,0.293,0.096,0.0,3.51,-3.51
"Estévez, Carlos",608032,2026,7,5,0.8,0.494,0.306,1.4,0.917,0.4829999999999999,0.894,0.631,0.263,162.0,29.45,132.55
"Nance, Tommy",667297,2026,7,5,0.143,0.222,-0.079,0.143,0.248,-0.105,0.13,0.205,-0.0749999999999999,0.0,1.72,-1.72
"King, John",667463,2026,7,4,0.0,0.1,-0.1,0.0,0.187,-0.187,0.101,0.205,-0.1039999999999999,0.0,1.72,-1.72
"Roa, Christian",685005,2026,7,3,0.2,0.312,-0.1119999999999999,0.8,0.854,-0.0539999999999999,0.504,0.548,-0.044,6.75,17.58,-10.83
"Erceg, Lucas",668674,2026,7,5,0.333,0.188,0.145,0.333,0.205,0.128,0.361,0.253,0.1079999999999999,0.0,2.6,-2.6
"Payamps, Joel",606303,2026,7,4,0.333,0.369,-0.0359999999999999,0.833,0.855,-0.022,0.533,0.542,-0.009,13.5,16.95,-3.45
"Faucher, Calvin",676534,2026,7,4,0.143,0.201,-0.058,0.143,0.263,-0.12,0.13,0.199,-0.069,0.0,1.63,-1.63
"Miller, Erik",669062,2026,7,5,0.167,0.298,-0.1309999999999999,0.167,0.347,-0.1799999999999999,0.231,0.344,-0.1129999999999999,0.0,5.0,-5.0
"Slaten, Justin",686580,2026,7,2,0.2,0.211,-0.0109999999999999,0.2,0.255,-0.0549999999999999,0.333,0.349,-0.0159999999999999,0.0,5.17,-5.17
"Whitlock, Garrett",676477,2026,7,4,0.143,0.2,-0.057,0.286,0.221,0.0649999999999999,0.185,0.185,0.0,0.0,1.42,-1.42
"Pushard, Matt",690155,2026,7,5,0.6,0.449,0.1509999999999999,0.6,0.53,0.0699999999999999,0.491,0.412,0.079,27.0,7.72,19.28
"Lee, Dylan",669276,2026,7,5,0.143,0.198,-0.055,0.286,0.376,-0.09,0.185,0.245,-0.06,0.0,2.43,-2.43
"Klein, Will",694361,2026,7,5,0.143,0.076,0.0669999999999999,0.143,0.079,0.0639999999999999,0.13,0.069,0.061,0.0,0.27,-0.27
"Brazobán, Huascar",623211,2026,7,6,0.0,0.094,-0.094,0.0,0.143,-0.143,0.0,0.102,-0.102,0.0,0.5,-0.5
"Raley, Brooks",548384,2026,7,5,0.143,0.202,-0.059,0.143,0.26,-0.117,0.13,0.2,-0.07,0.0,1.65,-1.65
"Koenig, Jared",657649,2026,7,3,0.143,0.163,-0.02,0.286,0.264,0.0219999999999999,0.185,0.184,0.001,0.0,1.41,-1.41
"Petersen, Michael",656848,2026,6,3,0.0,0.057,-0.057,0.0,0.068,-0.068,0.0,0.055,-0.055,0.0,0.18,-0.18
"Vodnik, Victor",680767,2026,6,4,0.6,0.504,0.0959999999999999,1.4,0.915,0.4849999999999999,0.842,0.624,0.2179999999999999,18.0,28.16,-10.16
"Nardi, Andrew",677053,2026,6,2,0.167,0.105,0.062,0.167,0.119,0.048,0.151,0.099,0.0519999999999999,0.0,0.48,-0.48
"Suter, Brent",608718,2026,6,3,0.0,0.071,-0.071,0.0,0.144,-0.144,0.118,0.196,-0.078,0.0,1.59,-1.59
"Fluharty, Mason",689254,2026,6,4,0.5,0.241,0.259,0.5,0.265,0.235,0.454,0.221,0.233,18.0,1.99,16.01
"Strahm, Matt",621381,2026,6,5,0.167,0.201,-0.034,0.167,0.23,-0.063,0.151,0.188,-0.037,0.0,1.47,-1.47
"Morejon, Adrian",670970,2026,6,5,0.167,0.238,-0.0709999999999999,0.167,0.254,-0.087,0.151,0.216,-0.065,0.0,1.9,-1.9
"Englert, Mason",669438,2026,6,5,0.5,0.421,0.079,1.5,1.31,0.1899999999999999,0.855,0.716,0.139,27.0,52.72,-25.72
"Chapman, Aroldis",547973,2026,6,5,0.0,0.157,-0.157,0.0,0.54,-0.54,0.0,0.289,-0.289,0.0,3.41,-3.41
"Zeferjahn, Ryan",666171,2026,6,4,0.0,0.079,-0.079,0.0,0.18,-0.18,0.0,0.108,-0.108,0.0,0.55,-0.55
"Baker, Bryan",641329,2026,6,4,0.0,0.205,-0.205,0.0,0.266,-0.266,0.0,0.203,-0.203,0.0,1.69,-1.69
"Gilbert, Tyler",656457,2026,6,5,0.4,0.438,-0.0379999999999999,1.0,1.222,-0.2219999999999999,0.622,0.695,-0.0729999999999999,18.0,45.3,-27.3
"Jansen, Kenley",445276,2026,5,1,0.2,0.124,0.076,0.8,0.471,0.329,0.422,0.243,0.179,6.75,2.4,4.35
"Finnegan, Kyle",640448,2026,5,2,0.0,0.026,-0.026,0.0,0.041,-0.041,0.142,0.165,-0.023,0.0,1.16,-1.16
"Cruz, Fernando",518585,2026,5,2,0.0,0.042,-0.042,0.0,0.052,-0.052,0.142,0.174,-0.032,0.0,1.27,-1.27
"Kelly, Kevin",687330,2026,5,4,0.2,0.389,-0.189,0.4,0.646,-0.246,0.259,0.442,-0.183,0.0,9.28,-9.28
"Orze, Eric",679358,2026,5,4,0.0,0.053,-0.053,0.0,0.074,-0.074,0.142,0.184,-0.042,0.0,1.41,-1.41
"Banda, Anthony",607455,2026,5,1,0.0,0.03,-0.03,0.0,0.033,-0.033,0.29,0.308,-0.018,0.0,3.91,-3.91
"Coulombe, Danny",543056,2026,4,2,0.333,0.334,-0.001,0.333,0.367,-0.0339999999999999,0.405,0.409,-0.0039999999999999,0.0,7.58,-7.58
"Miller, Mason",695243,2026,4,1,0.0,0.006,-0.006,0.0,0.011,-0.011,0.177,0.182,-0.005,0.0,1.38,-1.38
"Treinen, Blake",595014,2026,4,3,0.25,0.18,0.07,0.25,0.219,0.031,0.227,0.171,0.0559999999999999,0.0,1.23,-1.23
"Harvey, Hunter",640451,2026,4,4,0.25,0.148,0.102,0.25,0.19,0.06,0.227,0.146,0.081,0.0,0.93,-0.93
"Thielbar, Caleb",573204,2026,4,2,0.0,0.012,-0.012,0.0,0.013,-0.013,0.177,0.186,-0.009,0.0,1.44,-1.44
"Palencia, Daniel",694037,2026,4,3,0.5,0.395,0.1049999999999999,0.75,0.937,-0.187,0.55,0.556,-0.006,0.0,18.46,-18.46
"Varland, Gus",681402,2026,4,3,0.0,0.037,-0.037,0.0,0.046,-0.046,0.0,0.036,-0.036,0.0,0.1,-0.1
"Urquidy, José",664353,2026,4,3,0.333,0.201,0.132,0.667,0.401,0.266,0.501,0.402,0.0989999999999999,0.0,7.26,-7.26
"Granillo, Andre",701552,2026,4,3,0.333,0.536,-0.203,0.333,0.776,-0.443,0.405,0.6,-0.1949999999999999,27.0,24.19,2.81
"Sands, Cole",663485,2026,4,1,0.0,0.037,-0.037,0.0,0.041,-0.041,0.177,0.202,-0.025,0.0,1.68,-1.68
"Herrin, Tim",682120,2026,4,4,0.5,0.242,0.258,0.5,0.266,0.2339999999999999,0.454,0.221,0.233,0.0,1.99,-1.99
"Casparius, Ben",676508,2026,4,2,0.333,0.326,0.007,0.333,0.376,-0.0429999999999999,0.405,0.407,-0.0019999999999999,0.0,7.49,-7.49
"Mears, Nick",683232,2026,3,2,0.333,0.137,0.196,0.333,0.158,0.175,0.303,0.126,0.177,0.0,0.72,-0.72
"Lynch IV, Daniel",663738,2026,3,2,0.0,0.055,-0.055,0.0,0.069,-0.069,0.0,0.052,-0.052,0.0,0.17,-0.17
"Kilian, Caleb",668873,2026,3,2,0.0,0.082,-0.082,0.0,0.089,-0.089,0.0,0.076,-0.076,0.0,0.31,-0.31
"Henriquez, Edgardo",683618,2026,3,2,0.0,0.037,-0.037,0.0,0.037,-0.037,0.0,0.033,-0.033,0.0,0.08,-0.08
"Lange, Alex",656638,2026,3,2,0.0,0.129,-0.129,0.0,0.145,-0.145,0.0,0.129,-0.129,0.0,0.75,-0.75
"Moore, Dylan",664238,2026,3,3,0.333,0.421,-0.0879999999999999,0.333,0.633,-0.3,0.303,0.454,-0.151,0.0,9.99,-9.99
"Iglesias, Raisel",628452,2026,3,3,0.0,0.134,-0.134,0.0,0.154,-0.154,0.0,0.13,-0.13,0.0,0.76,-0.76
"Bido, Osvaldo",674370,2026,3,0,0.0,,,0.0,,,0.0,0.0,0.0,0.0,0.0,0.0
"Kinley, Tyler",641755,2026,3,2,0.0,0.057,-0.057,0.0,0.066,-0.066,0.0,0.052,-0.052,0.0,0.17,-0.17
"Medina, Luis",665622,2026,3,1,0.5,0.453,0.0469999999999999,0.5,0.597,-0.0969999999999999,0.454,0.452,0.002,0.0,9.87,-9.87
"Graceffo, Gordon",700669,2026,2,2,0.0,0.468,-0.468,0.0,0.989,-0.989,0.0,0.617,-0.617,0.0,26.93,-26.93
